{
    "train_loss": [
        1.889127471923828,
        1.729247930246241,
        1.6938533657672359,
        1.6829330475377102,
        1.6297883836334828,
        1.616625074741887,
        1.5712622275071986,
        1.578491795352861,
        1.5256474022584803,
        1.5701883124183207,
        1.538376467966566,
        1.5491194146100213,
        1.4986506365233776,
        1.5410014300626866,
        1.5004105008817186,
        1.4822660881491267,
        1.5070847055023793,
        1.442964542949901,
        1.4580200682247386,
        1.4657691142512304,
        1.4767019979065539,
        1.4414350749371099,
        1.465238911815718,
        1.4378716095382091,
        1.4754223329880658,
        1.4438171635422052,
        1.42983111001931,
        1.4477694792654001,
        1.432719997667799,
        1.4177738218681486,
        1.4865184478011786,
        1.388932305317299,
        1.4410122013466031,
        1.4120435268925686,
        1.4246510571685491,
        1.4116792628157373,
        1.472549381461798,
        1.4742089618608063,
        1.4027002073175767,
        1.4244118468714695
    ],
    "train_acc": [
        0.2708627450980392,
        0.37070588235294116,
        0.33437254901960783,
        0.37898039215686274,
        0.3406666666666667,
        0.39515686274509804,
        0.3120392156862745,
        0.4157254901960784,
        0.38433333333333336,
        0.38219607843137254,
        0.3770392156862745,
        0.38866666666666666,
        0.3984313725490196,
        0.39847058823529413,
        0.39345098039215687,
        0.3507058823529412,
        0.3912156862745098,
        0.44198039215686274,
        0.41696078431372546,
        0.4086078431372549,
        0.4569607843137255,
        0.40615686274509805,
        0.4282549019607843,
        0.46525490196078434,
        0.4217254901960784,
        0.3780588235294118,
        0.4106666666666667,
        0.3900196078431373,
        0.4502156862745098,
        0.4027450980392157,
        0.41715686274509806,
        0.4019607843137255,
        0.38607843137254905,
        0.41005882352941175,
        0.44945098039215686,
        0.3946078431372549,
        0.38654901960784316,
        0.40250980392156865,
        0.4166078431372549,
        0.4560196078431373
    ],
    "val_loss": [
        1.0910744122399225,
        0.9647490496105618,
        0.9012996158599853,
        0.9171231921513875,
        0.9304581447177463,
        0.8761703612009685,
        0.8535718398623996,
        0.8212230979071723,
        0.7508890686035157,
        0.7840127436319987,
        0.6818683488104078,
        0.7533542768690321,
        0.7236401090621948,
        0.7279080648422241,
        0.7421908875571357,
        0.7170799025959439,
        0.808859261194865,
        0.702175747288598,
        0.7916441880332099,
        0.6479358393351237,
        0.6554834025700887,
        0.6281522495481703,
        0.65021050813463,
        0.6651391699049208,
        0.698113198545244,
        0.668107496049669,
        0.6484374074935914,
        0.690414953549703,
        0.6645645955403646,
        0.615063978407118,
        0.7379425295723809,
        0.6112671632766724,
        0.648869823773702,
        0.6085475273132325,
        0.6494107713169521,
        0.6434994611740112,
        0.6660365779134962,
        0.6473967811266581,
        0.6378062612215678,
        0.6170067519081963
    ],
    "val_acc": [
        0.6684444444444444,
        0.7074444444444444,
        0.7195555555555555,
        0.7358888888888889,
        0.7418888888888889,
        0.7546666666666667,
        0.7644444444444445,
        0.7777777777777778,
        0.7884444444444444,
        0.7791111111111111,
        0.8058888888888889,
        0.7961111111111111,
        0.8057777777777778,
        0.8062222222222222,
        0.8075555555555556,
        0.8081111111111111,
        0.793,
        0.8165555555555556,
        0.807,
        0.8225555555555556,
        0.8283333333333334,
        0.8248888888888889,
        0.8275555555555556,
        0.8235555555555556,
        0.8265555555555556,
        0.8275555555555556,
        0.8308888888888889,
        0.8245555555555556,
        0.8295555555555556,
        0.8372222222222222,
        0.8103333333333333,
        0.8372222222222222,
        0.8348888888888889,
        0.8372222222222222,
        0.8335555555555556,
        0.8336666666666667,
        0.8311111111111111,
        0.8364444444444444,
        0.8407777777777777,
        0.839
    ]
}