{
  "train_loss": [
    2.0700170653848087,
    1.8926232582167084,
    1.7919967299068675,
    1.7576365249484194,
    1.6912615894990808,
    1.7039445891660803,
    1.673026804531322,
    1.6312029814626656,
    1.6200025403265859,
    1.5933617241429348,
    1.6077559076570997,
    1.5458472500595393,
    1.5668148619707893,
    1.576360736136343,
    1.5545031415340946,
    1.5288105502035103,
    1.545404528767455,
    1.5305634274202236,
    1.475004895958246,
    1.478687720149171,
    1.4627604987200569,
    1.4777579963347491,
    1.4471330168480967,
    1.4568131677964153,
    1.4800276934679817,
    1.453000034051783,
    1.4320892873090856,
    1.4356789725060557,
    1.4426431684307024,
    1.474901832636665,
    1.4530667545655194,
    1.4191670787661683,
    1.4368600914525052,
    1.4179936898736394,
    1.4079582658094518,
    1.4302316354863784,
    1.3854651911679436,
    1.3887598202275295,
    1.428473461338118,
    1.4094633498846316
  ],
  "train_acc": [
    0.27447058823529413,
    0.31307843137254904,
    0.3200588235294118,
    0.29754901960784313,
    0.3319607843137255,
    0.33119607843137255,
    0.37550980392156863,
    0.33994117647058825,
    0.324921568627451,
    0.36392156862745095,
    0.37227450980392157,
    0.35868627450980395,
    0.3677450980392157,
    0.3767450980392157,
    0.344921568627451,
    0.37762745098039213,
    0.36749019607843136,
    0.3817450980392157,
    0.3966470588235294,
    0.37919607843137254,
    0.38682352941176473,
    0.4128823529411765,
    0.40015686274509804,
    0.4028627450980392,
    0.4130980392156863,
    0.359078431372549,
    0.4166078431372549,
    0.4283137254901961,
    0.4082941176470588,
    0.3887450980392157,
    0.412921568627451,
    0.407921568627451,
    0.4190392156862745,
    0.4028235294117647,
    0.3836470588235294,
    0.4025490196078431,
    0.4409411764705882,
    0.4303137254901961,
    0.420921568627451,
    0.46594117647058825
  ],
  "val_loss": [
    1.1421262232462566,
    1.115688089052836,
    1.058896111064487,
    1.0922929094102647,
    1.0104629199769761,
    0.9974449956681993,
    0.9201189303927951,
    0.9085936968061659,
    0.8637431676652696,
    0.8824440491994222,
    0.8596990733676486,
    0.7669864336649577,
    0.7756709454854329,
    0.7749936954710218,
    0.812061210208469,
    0.7592746354209052,
    0.7340974671575758,
    0.7330010901557075,
    0.7268130334218343,
    0.6968502864837647,
    0.6978204284244114,
    0.6997921528286404,
    0.7043552172978719,
    0.7005004331800673,
    0.6775626994238959,
    0.7076329379611546,
    0.6369480175442166,
    0.6654858316845365,
    0.6943670735889012,
    0.684995780467987,
    0.6765193368064033,
    0.6643902400334676,
    0.6495629013909234,
    0.6572510042190551,
    0.6501565557056003,
    0.651464732752906,
    0.6264332990646362,
    0.6144600546624925,
    0.6241200455029805,
    0.6808431564966838
  ],
  "val_acc": [
    0.6293333333333333,
    0.6521111111111111,
    0.692,
    0.6933333333333334,
    0.7094444444444444,
    0.7134444444444444,
    0.7413333333333333,
    0.7353333333333333,
    0.7558888888888889,
    0.7476666666666667,
    0.7504444444444445,
    0.7783333333333333,
    0.7768888888888889,
    0.7798888888888889,
    0.7801111111111111,
    0.792,
    0.7955555555555556,
    0.7998888888888889,
    0.7957777777777778,
    0.8032222222222222,
    0.8068888888888889,
    0.805,
    0.8043333333333333,
    0.8072222222222222,
    0.8153333333333334,
    0.8073333333333333,
    0.8188888888888889,
    0.8153333333333334,
    0.815,
    0.8163333333333334,
    0.8174444444444444,
    0.8241111111111111,
    0.8244444444444444,
    0.8254444444444444,
    0.8252222222222222,
    0.8276666666666667,
    0.8303333333333334,
    0.8342222222222222,
    0.8301111111111111,
    0.8206666666666667
  ]
}