{
    "train_loss": [
        1.6333695807176478,
        1.220420862571866,
        1.1298301212273392,
        1.052634006696589,
        0.9837047264622707,
        0.926805066950181,
        0.8823365161185172,
        0.8391598892211914,
        0.799693128305323,
        0.7658558910968257,
        0.7310300096998028,
        0.7068058904199039,
        0.6725862796072867,
        0.6591616893656114,
        0.6350195686302933,
        0.6189885254654229,
        0.603687397106021,
        0.5883664343777825,
        0.5783659336052689,
        0.5681131233701519,
        0.5595654463861502,
        0.5519888514350443,
        0.5468173033676895,
        0.540435055807525,
        0.5358160586450614,
        0.5327727590448716,
        0.5283554248622819,
        0.5249028967969558,
        0.5232250821637172,
        0.5216714204058928,
        0.5199597116264643,
        0.5186874273805058,
        0.5175648308361278,
        0.5181814071991865,
        0.5179994412870969
    ],
    "train_acc": [
        0.556078431372549,
        0.7037254901960784,
        0.738078431372549,
        0.773921568627451,
        0.8017843137254902,
        0.8254509803921568,
        0.8436470588235294,
        0.8618823529411764,
        0.8792745098039215,
        0.894078431372549,
        0.9078039215686274,
        0.919156862745098,
        0.9350980392156862,
        0.9400392156862745,
        0.9506078431372549,
        0.958,
        0.9640588235294117,
        0.9704901960784313,
        0.9748627450980392,
        0.9791176470588235,
        0.9823529411764705,
        0.9850196078431372,
        0.9868235294117647,
        0.9891176470588235,
        0.9906078431372549,
        0.991078431372549,
        0.9925490196078431,
        0.9939411764705882,
        0.9940392156862745,
        0.9944313725490196,
        0.995,
        0.9956078431372549,
        0.9961764705882353,
        0.9955490196078431,
        0.9950196078431373
    ],
    "val_loss": [
        0.9389514002270168,
        0.871149321768019,
        0.7957241858376397,
        0.7372173696094089,
        0.7015681570900811,
        0.6744875805642869,
        0.6520627421273125,
        0.6733473184903462,
        0.6751777988009983,
        0.6737187547153897,
        0.7044769820107354,
        0.6887251306639778,
        0.6966071206198798,
        0.696656257417467,
        0.7082595585717095,
        0.7049662259419759,
        0.7020143713421292,
        0.7173763139512804,
        0.7117325529522366,
        0.7134350052939521,
        0.7158948320812649,
        0.7191608511606852,
        0.7174501372443305,
        0.7201879300011529,
        0.7176087091233995,
        0.7136525544060601,
        0.7156977674696181,
        0.7141323122448391,
        0.713300828827752,
        0.7108567877875434,
        0.7135524870554606,
        0.7129895899030897,
        0.7142939361996121,
        0.7121848500569662,
        0.7117775882085164
    ],
    "val_acc": [
        0.7008888888888889,
        0.7217777777777777,
        0.7456666666666667,
        0.7635555555555555,
        0.7782222222222223,
        0.7876666666666666,
        0.7975555555555556,
        0.7898888888888889,
        0.7895555555555556,
        0.7892222222222223,
        0.7896666666666666,
        0.7901111111111111,
        0.7916666666666666,
        0.7925555555555556,
        0.795,
        0.7947777777777778,
        0.8012222222222222,
        0.7965555555555556,
        0.7996666666666666,
        0.7994444444444444,
        0.7992222222222222,
        0.7983333333333333,
        0.801,
        0.8001111111111111,
        0.8017777777777778,
        0.8006666666666666,
        0.8013333333333333,
        0.8008888888888889,
        0.8018888888888889,
        0.8042222222222222,
        0.8027777777777778,
        0.7998888888888889,
        0.8004444444444444,
        0.8028888888888889,
        0.8003333333333333
    ]
}