{
    "train_loss": [
        2.7617367620655133,
        1.8547760623109106,
        1.5304674199048212,
        1.4854971901575724,
        1.462803264393526,
        1.4411215211082908,
        1.3390208027222577,
        1.3293848009483487,
        1.3339529050191243,
        1.3005675221237483,
        1.3254825346703623,
        1.2326553403629976,
        1.2183026680665858,
        1.2245625023561366,
        1.1265372570262235,
        1.2127300166896746,
        1.1965861788357006,
        1.1419737616707297,
        1.0873949162913303,
        1.1766239992029526,
        1.0640795826070448,
        1.0289560553980808,
        1.022618132235957,
        1.0486969449473362,
        1.0356758724941928,
        1.0842073041878495,
        1.0205035624036602,
        1.0504038157743567,
        1.0608166699128991,
        1.0601530057121726,
        0.9511760527666877,
        1.002469788869222,
        0.9834584899229162,
        1.0022846781973744,
        0.9578620057106018,
        1.021412679307601,
        0.9859260251662311,
        0.9496251972983866,
        1.0349007432788027,
        0.9133735363904167
    ],
    "train_acc": [
        0.11598039215686275,
        0.2833529411764706,
        0.32598039215686275,
        0.38066666666666665,
        0.40141176470588236,
        0.38954901960784316,
        0.38054901960784315,
        0.39035294117647057,
        0.43427450980392157,
        0.3750588235294118,
        0.4508235294117647,
        0.4027058823529412,
        0.47015686274509805,
        0.42143137254901963,
        0.4791960784313726,
        0.45235294117647057,
        0.38162745098039214,
        0.4756470588235294,
        0.5171372549019608,
        0.4444901960784314,
        0.45476470588235296,
        0.5137254901960784,
        0.4813921568627451,
        0.5117058823529411,
        0.502686274509804,
        0.4268235294117647,
        0.45719607843137255,
        0.5239607843137255,
        0.4619019607843137,
        0.49333333333333335,
        0.535156862745098,
        0.5160392156862745,
        0.5154509803921569,
        0.5076666666666667,
        0.46837254901960784,
        0.4522156862745098,
        0.4989607843137255,
        0.47784313725490196,
        0.4941372549019608,
        0.4581764705882353
    ],
    "val_loss": [
        1.7373037515216403,
        1.006539324230618,
        0.9124235092798869,
        0.9354729402330186,
        0.8697182024319967,
        0.8059641151958041,
        0.8128058975537618,
        0.8109110141860114,
        0.7558317587110731,
        0.7650113923814562,
        0.7953391613960266,
        0.7565992994308471,
        0.7610690227614508,
        0.7322827361424764,
        0.7344577633539836,
        0.7568403442170885,
        0.741865919801924,
        0.7321552971204122,
        0.7082463691499498,
        0.7589018652704027,
        0.7622176955540975,
        0.7130691934161716,
        0.7411756816440158,
        0.7420572621027629,
        0.7429374837875367,
        0.8055309146245321,
        0.7475894630750021,
        0.7641754616631402,
        0.7766264817449782,
        0.7855112147861056,
        0.7586068500412835,
        0.7604701274236043,
        0.8045000958442688,
        0.8278046465979682,
        0.7449029176500108,
        0.7746117676628961,
        0.810392058690389,
        0.7793416939841377,
        0.7820611872673034,
        0.7479771763483684
    ],
    "val_acc": [
        0.3983333333333333,
        0.6645555555555556,
        0.7021111111111111,
        0.7207777777777777,
        0.7434444444444445,
        0.7545555555555555,
        0.7526666666666667,
        0.7596666666666667,
        0.7763333333333333,
        0.773,
        0.7702222222222223,
        0.7795555555555556,
        0.782,
        0.7823333333333333,
        0.7814444444444445,
        0.7845555555555556,
        0.7872222222222223,
        0.7891111111111111,
        0.7942222222222223,
        0.7853333333333333,
        0.7847777777777778,
        0.7952222222222223,
        0.792,
        0.7926666666666666,
        0.7937777777777778,
        0.7835555555555556,
        0.792,
        0.789,
        0.7894444444444444,
        0.7847777777777778,
        0.7893333333333333,
        0.7878888888888889,
        0.7827777777777778,
        0.7774444444444445,
        0.7932222222222223,
        0.7894444444444444,
        0.7841111111111111,
        0.7863333333333333,
        0.7876666666666666,
        0.7934444444444444
    ]
}