{
    "train_loss": [
        1.8934534645080567,
        1.5476050241881725,
        1.4416416708441342,
        1.3742308742672789,
        1.3350933075699152,
        1.3098426994061938,
        1.230631199836731,
        1.2507098632700302,
        1.20903167144925,
        1.175093485439525,
        1.1150508852192,
        1.1530948088589836,
        1.1043815259278988,
        1.0879465415057015,
        1.0912536010929184,
        1.1153295773898855,
        1.0202878381878722,
        0.9953091228989994,
        1.0066808054493923,
        0.9874553347849379,
        0.9854782299060447,
        0.9602250172484155,
        0.997636525107365,
        0.9435435414407768,
        0.9270574993619732,
        0.9587776030839659,
        0.913646671033373,
        0.9261672178156236,
        0.8623284578323365,
        0.8917602497082131,
        0.8971602682973824,
        0.868221406618754,
        0.9339357982523301,
        0.8866947990118289,
        0.8847213063894533
    ],
    "train_acc": [
        0.28341176470588236,
        0.37513725490196076,
        0.34494117647058825,
        0.38407843137254905,
        0.36537254901960786,
        0.39615686274509804,
        0.4226862745098039,
        0.45345098039215687,
        0.4535882352941176,
        0.4835098039215686,
        0.47684313725490196,
        0.49311764705882355,
        0.485,
        0.4631176470588235,
        0.5188039215686274,
        0.45894117647058824,
        0.4618627450980392,
        0.4600196078431373,
        0.46062745098039215,
        0.4990980392156863,
        0.4717647058823529,
        0.4248823529411765,
        0.4802156862745098,
        0.4933137254901961,
        0.5124705882352941,
        0.504,
        0.5027843137254902,
        0.490843137254902,
        0.46819607843137256,
        0.5408627450980392,
        0.5101568627450981,
        0.4493333333333333,
        0.5020588235294118,
        0.570764705882353,
        0.4836078431372549
    ],
    "val_loss": [
        1.0627055606842042,
        0.9409482137891981,
        0.9214573269950019,
        0.8804671619203356,
        0.7749332385063171,
        0.7566764293246799,
        0.7844542714224921,
        0.7491478741963704,
        0.7276130468050639,
        0.7133192185295952,
        0.7247323755688138,
        0.7247949370278253,
        0.6994443972905476,
        0.695226036866506,
        0.6857810728285048,
        0.714591044108073,
        0.7252942203945584,
        0.6983597903781467,
        0.6889295660654704,
        0.6817912530899047,
        0.6903815680609809,
        0.7113525799645318,
        0.7081070477167766,
        0.7081576742596096,
        0.6977203539742364,
        0.6977272363238864,
        0.70859725634257,
        0.7155166489283243,
        0.6962845338185628,
        0.7172238748338488,
        0.7108085759480794,
        0.7068835866716173,
        0.7094910812377929,
        0.7182962046729193,
        0.7141033929189046
    ],
    "val_acc": [
        0.6788888888888889,
        0.6981111111111111,
        0.7222222222222222,
        0.7351111111111112,
        0.7607777777777778,
        0.7753333333333333,
        0.7746666666666666,
        0.7781111111111111,
        0.7844444444444445,
        0.7904444444444444,
        0.7857777777777778,
        0.7894444444444444,
        0.7942222222222223,
        0.7951111111111111,
        0.8015555555555556,
        0.7926666666666666,
        0.7884444444444444,
        0.7972222222222223,
        0.798,
        0.7994444444444444,
        0.8033333333333333,
        0.7993333333333333,
        0.8002222222222222,
        0.8027777777777778,
        0.8027777777777778,
        0.8036666666666666,
        0.8021111111111111,
        0.8026666666666666,
        0.805,
        0.8026666666666666,
        0.8032222222222222,
        0.8055555555555556,
        0.805,
        0.8045555555555556,
        0.8037777777777778
    ]
}