{
    "train_loss": [
        1.7568901261535346,
        1.299541750683504,
        1.2144112705155914,
        1.1388111884547214,
        1.0689054964663935,
        1.023943187526628,
        0.9850655714296828,
        0.9488771375113842,
        0.926584729531232,
        0.895878820325814,
        0.8767115431766884,
        0.8553955580954459,
        0.8349108216154809,
        0.8145535956364052,
        0.793589929674186,
        0.7813290191538194,
        0.7659464000440112,
        0.7479430575651281,
        0.7331446483088475,
        0.7168305348415001,
        0.7027702568652583,
        0.6877526553658878,
        0.6756366921873653,
        0.6600548690721101,
        0.6526636556550568,
        0.6415144672206804,
        0.6324555344488106,
        0.6224254005095538,
        0.617385738363453,
        0.6097531981935688,
        0.6067160999821681,
        0.5997908984446058,
        0.5984246287813374,
        0.5953509290919584,
        0.59625000408584
    ],
    "train_acc": [
        0.48764705882352943,
        0.6422549019607843,
        0.6727843137254902,
        0.7016862745098039,
        0.7315098039215686,
        0.7510588235294118,
        0.7634509803921569,
        0.7785686274509804,
        0.7878627450980392,
        0.7981764705882353,
        0.8065294117647058,
        0.8125882352941176,
        0.8216862745098039,
        0.8304313725490196,
        0.8380392156862745,
        0.8437843137254902,
        0.8484705882352941,
        0.8578823529411764,
        0.8605490196078431,
        0.867313725490196,
        0.8741372549019608,
        0.8791568627450981,
        0.8843529411764706,
        0.8913725490196078,
        0.8939607843137255,
        0.8996666666666666,
        0.9034509803921569,
        0.9072156862745098,
        0.9094117647058824,
        0.9124901960784314,
        0.9144117647058824,
        0.9161764705882353,
        0.9183725490196079,
        0.9189607843137255,
        0.9177647058823529
    ],
    "val_loss": [
        1.0825807596842447,
        1.0210993020799426,
        1.0023106462690565,
        0.8243288345336914,
        0.8102546270158556,
        0.7821959092881945,
        0.7391954228083293,
        0.7081214493115743,
        0.7311821926964653,
        0.6872221412128873,
        0.6705570830769009,
        0.7054750170177884,
        0.6588224381340875,
        0.6531407234403822,
        0.65491736263699,
        0.6620634531444973,
        0.6474375891155667,
        0.6554008725484213,
        0.6478796882099576,
        0.6533366602261861,
        0.6438508825302124,
        0.6414844772550795,
        0.6427845323350695,
        0.6388975372844272,
        0.6546614336967468,
        0.6500092155668471,
        0.6416819160249498,
        0.6401341289944119,
        0.6411733696195814,
        0.6434109443028768,
        0.6480083152453104,
        0.6465415272182888,
        0.6448026026619805,
        0.6454180850982666,
        0.6451290984683566
    ],
    "val_acc": [
        0.65,
        0.6564444444444445,
        0.6691111111111111,
        0.7328888888888889,
        0.7345555555555555,
        0.7458888888888889,
        0.7614444444444445,
        0.7714444444444445,
        0.7584444444444445,
        0.7781111111111111,
        0.7834444444444445,
        0.7704444444444445,
        0.7915555555555556,
        0.7907777777777778,
        0.7875555555555556,
        0.7887777777777778,
        0.7951111111111111,
        0.7917777777777778,
        0.7972222222222223,
        0.7991111111111111,
        0.7981111111111111,
        0.8008888888888889,
        0.8021111111111111,
        0.8025555555555556,
        0.7973333333333333,
        0.8012222222222222,
        0.8013333333333333,
        0.8026666666666666,
        0.8013333333333333,
        0.8022222222222222,
        0.8016666666666666,
        0.8027777777777778,
        0.8043333333333333,
        0.8046666666666666,
        0.8045555555555556
    ]
}