{
    "train_loss": [
        1.7471085938846365,
        1.5158869485294117,
        1.4687202117396336,
        1.4508626753115186,
        1.3759090442283481,
        1.300215507769117,
        1.2432583957746917,
        1.2734769194733864,
        1.2067336385951322,
        1.1446171158435299,
        1.160924420151056,
        1.134840876897176,
        1.0696934977138743,
        1.052664705024046,
        1.0161803872725543,
        1.0192473181930244,
        0.9640701328165391,
        0.9532001285365983,
        0.9334363458951315,
        0.9139347457511752,
        0.9018699668996474,
        0.9132300079383102,
        0.8855775179956473,
        0.9121516106362436,
        0.9178701593829136,
        0.934474666707656,
        0.8084621151849335,
        0.7911407307550019,
        0.8436990997557546,
        0.7943441044489543,
        0.8369956148371976,
        0.8151914787946963,
        0.7366037861599641,
        0.8451829496925952,
        0.8129981108459772,
        0.8425259414186664,
        0.792184034796322,
        0.7853688045623256,
        0.7957979488559798,
        0.7921603536699332
    ],
    "train_acc": [
        0.3202745098039216,
        0.3094705882352941,
        0.38715686274509803,
        0.35715686274509806,
        0.38866666666666666,
        0.41923529411764704,
        0.4124313725490196,
        0.4309607843137255,
        0.45956862745098037,
        0.472921568627451,
        0.4289411764705882,
        0.4319411764705882,
        0.4379607843137255,
        0.4611372549019608,
        0.4455882352941177,
        0.46784313725490195,
        0.5274313725490196,
        0.4723333333333333,
        0.4505686274509804,
        0.5195294117647059,
        0.5053529411764706,
        0.46752941176470586,
        0.4946470588235294,
        0.48170588235294115,
        0.5775490196078431,
        0.5037450980392156,
        0.5645098039215686,
        0.5217450980392156,
        0.4781764705882353,
        0.5163333333333333,
        0.5024117647058823,
        0.4961764705882353,
        0.491843137254902,
        0.5740588235294117,
        0.49001960784313725,
        0.5564313725490196,
        0.47668627450980394,
        0.5431176470588235,
        0.5493921568627451,
        0.49364705882352944
    ],
    "val_loss": [
        1.1198896911409166,
        1.0692619661755032,
        1.268317663192749,
        0.9409969607459174,
        0.9416170160505507,
        0.8279982545110914,
        0.8355975209342109,
        0.7967446072366503,
        0.8868163242340088,
        0.790103281709883,
        0.7676486820644802,
        0.7653713298373752,
        0.7517979389826457,
        0.7807191251118978,
        0.8004351143307156,
        0.7720058003531562,
        0.7979892769919501,
        0.7843474688529968,
        0.7946601030561659,
        0.8019462111790975,
        0.8003100349638197,
        0.8176249993642172,
        0.853155707359314,
        0.8467076485951741,
        0.8257269061936272,
        0.8515340693791708,
        0.8509416638480293,
        0.8706893828180101,
        0.8671921831766765,
        0.885052102194892,
        0.8687504460016886,
        0.8854340543746948,
        0.8944576651255289,
        0.8907641562355889,
        0.8889106859631009,
        0.882865692032708,
        0.8917753703859117,
        0.88890584786733,
        0.8888261934916178,
        0.8892312622070313
    ],
    "val_acc": [
        0.6326666666666667,
        0.6558888888888889,
        0.6151111111111112,
        0.7096666666666667,
        0.6977777777777778,
        0.7495555555555555,
        0.7418888888888889,
        0.7587777777777778,
        0.73,
        0.7656666666666667,
        0.7678888888888888,
        0.7766666666666666,
        0.7754444444444445,
        0.7676666666666667,
        0.768,
        0.7751111111111111,
        0.7665555555555555,
        0.777,
        0.7737777777777778,
        0.7768888888888889,
        0.781,
        0.7795555555555556,
        0.7754444444444445,
        0.7765555555555556,
        0.7853333333333333,
        0.7812222222222223,
        0.7817777777777778,
        0.7814444444444445,
        0.7802222222222223,
        0.7797777777777778,
        0.7797777777777778,
        0.7824444444444445,
        0.784,
        0.7816666666666666,
        0.7847777777777778,
        0.7862222222222223,
        0.7844444444444445,
        0.7855555555555556,
        0.7856666666666666,
        0.786
    ]
}